Company Name,Website,Source,Phone Number,Contact Person,Contact Title,Contact Email,Founder Source,All Emails Found
Critical Hit Games,https://criticalhitgames.biz,OSM (fill),+17275785700,Gundam Models,cto,gundam.models@criticalhitgames.biz,website,contact@criticalhitgames.biz; gundam.models@criticalhitgames.biz
Integrity Payments Group,https://integritypaymentsgroup.com,OSM (fill),0376591,Debra Le,Founder,debra.le@integritypaymentsgroup.com,website,info@integritypaymentsgroup.com; support@integritypaymentsgroup.com; debra.le@integritypaymentsgroup.com
Warriors at Rest (W.A.R.),https://war-warriorsatrest.org/w-a-r,OSM (fill),01520153,Army Infantry,CoFounder,army.infantry@war-warriorsatrest.org,website,filler@godaddy.com; sebastian@aldusleaf.org; army.infantry@war-warriorsatrest.org
RCA Machine & Manufacturing Inc.,http://www.rcamachine.com,OSM (fill),09111616243150,President Name,Chief Executive Officer,president@rcamachine.com,website,rca@rcamachine.com; president@rcamachine.com
Sunlit Cove Boat Ramp,https://www.stpeteparksrec.org/sunlit-boat-ramp.html,OSM (fill),0663622733,Fame Teen,Senior,fame.teen@stpeteparksrec.org,website,stpeteparksrec@stpete.org; webpageupdate_subscribers@revize.com; fame.teen@stpeteparksrec.org
Tampa Bay Air Charter,https://tampabayaircharter.com,OSM (fill),0260401,Bill Auer,Owner,bill.auer@tampabayaircharter.com,website,info@tampabayaircharter.com; 422-3358info@tampabayaircharter.com; bill.auer@tampabayaircharter.com
Bitcoin Bay Foundation,https://www.bitcoinbay.foundation,OSM (fill),09270109,Bitcoin Bay,partner,bitcoin@bitcoinbay.foundation,website,main@bitcoinbay.foundation; bitcoin@bitcoinbay.foundation
International Granite and Stone,https://www.igscountertops.com,OSM (fill),0240619,Free In-Home,Team Member,free.in-home@igscountertops.com,website,enter@emailhere.com; free.in-home@igscountertops.com
"MedRx, Inc.",https://www.medrx-diagnostics.com,OSM (fill),0444684,Alicia Ramirez,Director,alicia@medrx-diagnostics.com,website,contactus.my@getzhealthcare.com; enquiry@hearlife.com.sg; info-nl@diatec-diagnostics.com; info-za@interacoustics.com; info@akoustika.gr; info@diatec-diagnostics.co.nz; info@eartone.com; info@lediso.it; info@medrx.co.kr; office@hearlifevietnam.com; afre@diatec-diagnostics.fr; airz@medrx-diagnostics.com; all@cantec.no; anpi@bernafon.pl; bbaladi@amicogroup.com; chen_y@medton-hedim.co.il; coba@medrx-diagnostics.com; cspa@medrx-diagnostics.com; cssp@diatec-diagnostics.ch; dagc@oticonmedical.com; emadsakr@amicogroup.com; eros@hearlife.com.sg; frsb@diateccanada.com; gdhariwal@amicogroup.com; hq@audio-gram.ro; jhec@medrx-diagnostics.com; jorge_andres_quiroz@hotmail.com; jrsanchez@labjrsanchez.com; kdaly@amicogroup.com; kiqu@demant.com; kontakt@diatec-diagnostics.de; lboshkova@amicogroup.com; medrx@medrx-diagnostics.com; mlacour@pamargentina.com.ar; molik@hearlife.co.id; msharafli@amicogroup.com; nessawi@amicogroup.com; ngallardo@auditron.cl; orders@medrx-diagnostics.com; pdalmeida@amicogroup.com; rbts@medrx-diagnostics.com; revd@maico.biz; revd@medrx-diagnostics.com; ruza@amplivox.com; sales@auditivohearing.in; sales@earplus.gr; sales@guymark.com; sales@medrx-diagnostics.com; secil@duyumed.com; secretary-2@clinico.com.tw; shak@diatecjapan.com; stianj@cantec.no; tamaporn_s@siamhearing.com; tcs@medrx-diagnostics.com; teeraphat@hearlife.co.th; tinnitusklinika@gmail.com; u003eafre@diatec-diagnostics.fr; u003eall@cantec.no; u003eanpi@bernafon.pl; u003ebbaladi@amicogroup.com; u003echen_y@medton-hedim.co.il; u003econtactus.my@getzhealthcare.com; u003ecssp@diatec-diagnostics.ch; u003edagc@oticonmedical.com; u003eemadsakr@amicogroup.com; u003eenquiry@hearlife.com.sg; u003eeros@hearlife.com.sg; u003efrsb@diateccanada.com; u003egdhariwal@amicogroup.com; u003ehq@audio-gram.ro; u003einfo-nl@diatec-diagnostics.com; u003einfo-za@interacoustics.com; u003einfo@akoustika.gr; u003einfo@diatec-diagnostics.co.nz; u003einfo@eartone.com; u003einfo@lediso.it; u003einfo@medrx.co.kr; u003ejorge_andres_quiroz@hotmail.com; u003ejrsanchez@labjrsanchez.com; u003ekdaly@amicogroup.com; u003ekiqu@demant.com; u003ekontakt@diatec-diagnostics.de; u003elboshkova@amicogroup.com; u003emedrx@medrx-diagnostics.com; u003emlacour@pamargentina.com.ar; u003emolik@hearlife.co.id; u003emsharafli@amicogroup.com; u003enessawi@amicogroup.com; u003engallardo@auditron.cl; u003eoffice@hearlifevietnam.com; u003eorders@medrx-diagnostics.com; u003epdalmeida@amicogroup.com; u003erevd@maico.biz; u003eruza@amplivox.com; u003esales@auditivohearing.in; u003esales@earplus.gr; u003esales@guymark.com; u003esales@medrx-diagnostics.com; u003esecil@duyumed.com; u003esecretary-2@clinico.com.tw; u003eshak@diatecjapan.com; u003estianj@cantec.no; u003etamaporn_s@siamhearing.com; u003etcs@medrx-diagnostics.com; u003eteeraphat@hearlife.co.th; u003etinnitusklinika@gmail.com; u003ewers@soniceq.com; wers@soniceq.com; alicia@medrx-diagnostics.com
Mathnasium,https://www.mathnasium.com/math-centers/stpetersburg,OSM (fill),0260805,Education Jodi,Director,education@mathnasium.com,website,stpetersburg@mathnasium.com; education@mathnasium.com
Pickleball Kingdom,https://pickleballkingdom.com/clubs/pinellas-park-fl,OSM (fill),0260717,Pickleball Ki,CEO,pickleball.ki@pickleballkingdom.com,website,info@pickleballkingdompinellaspark.com; pickleball.ki@pickleballkingdom.com
Casita Taqueria,https://www.casitatacos.com,OSM (fill),08019866207110806,,,collins.pt@gmail.com,none,collins.pt@gmail.com; tacopusher@gmail.com
Apple Jelly Studios Pole Dance Fitness,https://www.applejellystudios.com,OSM (fill),084876366,Jelly Studios,CTO,jelly.studios@applejellystudios.com,website,info@applejellystudios.com; jelly.studios@applejellystudios.com
Rider Resales and Repos,http://riderhomes.com,OSM (fill),0250731,Sales Manager,Owner,sales.manager@riderhomes.com,website,blazinjust@yahoo.com; david-williams@tampabay.rr.com; lemaycindy777@gmail.com; mbosko2012@gmail.com; msltime7@gmail.com; patrickshannon1@yahoo.com; pattimorgan1@aim.com; sales@riderhomes.com; sales@riderrhomes.com; topstone@earthlink.net; sales.manager@riderhomes.com
Counseling Center at First United Methodist Church,https://www.counselingstpete.org,OSM (fill),01037700000000,Bob Martin,Senior,bob.martin@counselingstpete.org,website,preynolds@fumcsp.org; bob.martin@counselingstpete.org
Best Day Fitness,https://bestdayfitness.com,OSM (fill),0182814,Head Coach,Founder,head.coach@bestdayfitness.com,website,info@bestdayfitness.com; head.coach@bestdayfitness.com
Commercial Fire & Communications,https://www.cfcsystems.com,OSM (fill),0260803,Pinellas Coun,cto,pinellas.coun@cfcsystems.com,website,careteam@centuryfp.com; pinellas.coun@cfcsystems.com
Triton's Pub,https://eckerd.cafebonappetit.com/cafe/triton-pub,OSM (fill),04897893839,Amy Mularkey,Director,amy.mularkey@eckerd.cafebonappetit.com,website,accessibility@eckerd.edu; shondalette.randolph@cafebonappetit.com; amy.mularkey@eckerd.cafebonappetit.com
Casa Community Center,https://www.casa-stpete.org/thrift-store,OSM (fill),0260713,Media Inquiries,Team Member,media.inquiries@casa-stpete.org,website,info@casapinellas.org; avalente@casapinellas.org; media.inquiries@casa-stpete.org
Webb's City Cellar,https://www.greenbenchbrewing.com/webbs-city-cellar,OSM (fill),0581151239,Operations Manager,owner,operations@greenbenchbrewing.com,website,brian@greenbenchbrewing.com; coleman@greenbenchbrewing.com; dan@greenbenchbrewing.com; derrek@greenbenchbrewing.com; joan@greenbenchbrewing.com; kendra@greenbenchbrewing.com; khris@greenbenchbrewing.com; micki@greenbenchbrewing.com; operations@greenbenchbrewing.com
Partridge Animal Hospital,https://partridgeah.com,OSM (fill),0950518653,Qs Pet,Owner,qs.pet@partridgeah.com,website,info@partridgeah.com; qs.pet@partridgeah.com
Lolita's Wine Market,https://www.lolitaswinemarket.com,OSM (fill),0131162839,,,nhello@lolitaswinemarket.com,none,hello@lolitaswinemarket.com; nhello@lolitaswinemarket.com
Center of Hope,https://www.svdpsp.org/center-of-hope,OSM (fill),0251201,Brighter Futures,Partner,brighter@svdpsp.org,website,info@svdp.care; merrell@svdpsp.org; brighter@svdpsp.org
Achieva Credit Union,https://www.achievacu.com,OSM (fill),0605410,Accounts Student,Partner,accounts.student@achievacu.com,website,mail@achievacu.com; accounts.student@achievacu.com
Lifestyle Family Fitness,https://www.lafitness.com,OSM (fill),023351969,Fitness Job,Team Member,fitness.job@lafitness.com,website,contactus@fitnessintl.com; fitness.job@lafitness.com
Saint Petersburg City Hall,https://www.stpete.org,OSM (fill),0663622733,For Developers,Owner,for@stpete.org,website,jobs@stpete.org; grease@stpete.org; utlop97@co.pinellas.fl.us; webpageupdate_subscribers@revize.com; for@stpete.org
Footprints Beachside Recovery,https://footprintsbeachside.com,OSM (fill),0260722,,,info@footprintsbeachside.com,none,info@footprintsbeachside.com
Northeast Animal Hospital,https://www.northeastanimalhospital.com,OSM (fill),09375185,Amanda Creative,Manager,amanda@northeastanimalhospital.com,website,vetteam@northeastanimalhospital.com; amanda@northeastanimalhospital.com
Saint Petersburg Shuffleboard Courts,https://stpeteshuffle.com,OSM (fill),,,,league@stpeteshuffle.com,none,info@stpeteshuffle.com; league@stpeteshuffle.com; membership@stpeteshuffle.com; rentals@stpeteshuffle.com; sponsor@stpeteshuffle.com
Lealman Community Park,https://lealmanexchange.org/venue/lealman-community-park,OSM (fill),0230824,Community Impact,Partner,community@lealmanexchange.org,website,connect@lealmanexchange.org; community@lealmanexchange.org
Saint Petersburg KOA Campground,https://koa.com/campgrounds/st-petersburg,OSM (fill),06505641,Gift Cards,Partner,gift@koa.com,website,stpetersburg@koa.com; gift@koa.com
Saint Anthony's Hospital,https://baycare.org/sah,OSM (fill),0230123,Care Physician,Partner,care@baycare.org,website,talentacquisition@baycare.org; mpmfoundation@baycare.org; sahffoundation@baycare.org; sjhfoundation@baycare.org; whhfoundation@baycare.org; care@baycare.org
Fresh Kitchen,https://www.eatfreshkitchen.com,OSM (fill),0856551,,,hannah.mcdonnell@eatfreshkitchen.com,none,billing@cicciorg.com; hannah.mcdonnell@eatfreshkitchen.com; toneill@cicciorg.com
Riviera United Methodist Church,https://www.rivieraumc.org,OSM (fill),014020084,Marc Perez,Director,marc@rivieraumc.org,website,cara@rivieraumc.org; marc@rivieraumc.org; pastoraugie@rivieraumc.org; terrym@rivieraumc.org
Unitarian Universalist Church,https://uustpete.org,OSM (fill),0255598242,Answer Period,OWNER,answer@uustpete.org,website,officeadmin@uustpete.org; cse@uustpete.org; minister@uustpete.org; pubs@uustpete.org; re@uustpete.org; answer@uustpete.org
White House Black Market,https://www.whitehouseblackmarket.com,OSM (fill),06968230,,,internationalorders@whitehouseblackmarket.com,none,customerservice@whitehouseblackmarket.com; internationalorders@whitehouseblackmarket.com; u003ecustomerservice@whitehouseblackmarket.com; u003einternationalorders@whitehouseblackmarket.com
Spitfire Theater,https://www.spitfiretheater.com,OSM (fill),01020103,,,spitfirecomedy@gmail.com,none,spitfirecomedy@gmail.com; spitfiretheater@gmail.com
Vertical Ventures,https://www.verticalventures.com/stpete,OSM (fill),07601112649102,,,stpete@verticalventures.com,none,stpete@verticalventures.com
Christy's Enchanted Notion,https://www.enchantednotions.net,OSM (fill),0772480495,,,support@schedulista.com,none,support@schedulista.com
Boca Ciega Center,https://bocaciegacenter.com,OSM (fill),05989990,,,administrator@bocaciegacenter.com,none,administrator@bocaciegacenter.com
First United Methodist Church,https://www.stpetefirst.org,OSM (fill),02174924,,,church@stpetefirst.org,none,church@stpetefirst.org
KIOS Group USA,https://www.kiosgroupusa.com/contact,OSM (fill),0191217,,,info@kiosgroupusa.com,none,info@kiosgroupusa.com
